{"cameraMode":{"drawMode":0,"name":"Shaded","section":"Shading Mode"},"sceneLighting":false,"audioPlay":false,"sceneViewState":{"m_AlwaysRefresh":false,"showFog":true,"showSkybox":false,"showFlares":true,"showImageEffects":true,"showParticleSystems":true,"showVisualEffectGraphs":true,"m_FxEnabled":true},"in2DMode":false,"pivot":{"x":-15.695047378540039,"y":-129.89573669433595,"z":37.812644958496097},"rotation":{"x":0.5263313055038452,"y":-0.4203319549560547,"z":0.33601370453834536,"w":0.6583691239356995},"size":100.56053161621094,"orthographic":false}