{"cameraMode":{"drawMode":0,"name":"Shaded","section":"Shading Mode"},"sceneLighting":false,"audioPlay":false,"sceneViewState":{"m_AlwaysRefresh":false,"showFog":true,"showSkybox":false,"showFlares":true,"showImageEffects":true,"showParticleSystems":true,"showVisualEffectGraphs":true,"m_FxEnabled":true},"in2DMode":false,"pivot":{"x":87.3957290649414,"y":154.27655029296876,"z":-119.27986145019531},"rotation":{"x":0.004743662197142839,"y":0.9940344095230103,"z":-0.04834785684943199,"w":0.09816336631774903},"size":105.17575073242188,"orthographic":false}