{"cameraMode":{"drawMode":0,"name":"Shaded","section":"Shading Mode"},"sceneLighting":true,"audioPlay":false,"sceneViewState":{"m_AlwaysRefresh":false,"showFog":true,"showSkybox":true,"showFlares":true,"showImageEffects":true,"showParticleSystems":true,"showVisualEffectGraphs":true,"m_FxEnabled":true},"in2DMode":false,"pivot":{"x":11.667612075805664,"y":0.648600697517395,"z":25.08584976196289},"rotation":{"x":0.007136735133826733,"y":-0.9920575022697449,"z":0.06828676164150238,"w":0.10690383613109589},"size":3.8120386600494386,"orthographic":false}