{"cameraMode":{"drawMode":0,"name":"Shaded","section":"Shading Mode"},"sceneLighting":true,"audioPlay":false,"sceneViewState":{"m_AlwaysRefresh":false,"showFog":true,"showSkybox":true,"showFlares":true,"showImageEffects":true,"showParticleSystems":true,"showVisualEffectGraphs":true,"m_FxEnabled":true},"in2DMode":false,"pivot":{"x":-2.3534040451049806,"y":-751.0103149414063,"z":416.5020446777344},"rotation":{"x":-0.5018903017044067,"y":0.0014595950488001109,"z":0.0014942169655114413,"w":-0.865308940410614},"size":483.56146240234377,"orthographic":false}