{"cameraMode":{"drawMode":0,"name":"Shaded","section":"Shading Mode"},"sceneLighting":true,"audioPlay":false,"sceneViewState":{"m_AlwaysRefresh":false,"showFog":true,"showSkybox":true,"showFlares":true,"showImageEffects":true,"showParticleSystems":true,"showVisualEffectGraphs":true,"m_FxEnabled":true},"in2DMode":false,"pivot":{"x":-76.14569854736328,"y":44.12677001953125,"z":-33.22472381591797},"rotation":{"x":0.4656869173049927,"y":0.034213095903396609,"z":-0.018071357160806657,"w":0.8841242790222168},"size":50.860958099365237,"orthographic":false}