{"cameraMode":{"drawMode":0,"name":"Shaded","section":"Shading Mode"},"sceneLighting":false,"audioPlay":false,"sceneViewState":{"m_AlwaysRefresh":false,"showFog":true,"showSkybox":false,"showFlares":true,"showImageEffects":true,"showParticleSystems":true,"showVisualEffectGraphs":true,"m_FxEnabled":true},"in2DMode":false,"pivot":{"x":0.09839459508657456,"y":1.1894512176513672,"z":-5.083367824554443},"rotation":{"x":0.0067759002558887009,"y":0.9831501841545105,"z":-0.04571272432804108,"w":0.17802099883556367},"size":3.8120386600494386,"orthographic":false}