{"cameraMode":{"drawMode":0,"name":"Shaded","section":"Shading Mode"},"sceneLighting":true,"audioPlay":false,"sceneViewState":{"m_AlwaysRefresh":false,"showFog":true,"showSkybox":false,"showFlares":true,"showImageEffects":true,"showParticleSystems":true,"showVisualEffectGraphs":true,"m_FxEnabled":true},"in2DMode":false,"pivot":{"x":5.960464477539063e-8,"y":0.5699999332427979,"z":-1.1920928955078126e-7},"rotation":{"x":0.46198612451553347,"y":-0.014917229302227497,"z":0.007723402697592974,"w":0.8867477774620056},"size":1.2247449159622193,"orthographic":false}