{"cameraMode":{"drawMode":0,"name":"Shaded","section":"Shading Mode"},"sceneLighting":true,"audioPlay":false,"sceneViewState":{"m_AlwaysRefresh":false,"showFog":true,"showSkybox":false,"showFlares":true,"showImageEffects":true,"showParticleSystems":true,"showVisualEffectGraphs":true,"m_FxEnabled":true},"in2DMode":false,"pivot":{"x":1.7552690505981446,"y":1.7198617458343506,"z":-1.1121689081192017},"rotation":{"x":-0.11952706426382065,"y":-0.8585934638977051,"z":0.23293934762477876,"w":-0.4408096969127655},"size":2.1247448921203615,"orthographic":false}